miscible gas	1
film microstructures	1
phonons	1
pdms elastomer	3
gas injection	3
biomaterials	1
jute microparticles	1
blend nanocomposites	1
oxide nanocomposites	1
delaminations	1
hollow nanostructures	1
substituents	1
?iukas	2
composite nanogels	1
agnp nanocomposites	1
cnts	2
nanosheets	1
silanes	1
photoinitiators	1
isolates	1
nanoparticles	1
ldhs composite	1
microcapsules	1
nanoemulsions	1
graphene nanocomposites	1
microwires	1
nanoscales	1
porous cnts	1
metal borides	1
biomolecules	1
hollow microstructures	1
bioreactors	1
luminaires	1
based nanocomposites	1
gan microstructures	1
nanocapsules	1
material nanostructures	1
polymer nanocomposites	1
nanochannels	1
nanopowders	1
pc nanocomposites	1
gan microrods	1
nanowalls	1
polyfluorenes	1
ws2 bilayers	1
biofilms	1
cuo nanosheets	1
igbts	2
electrospun nanofibers	1
nickelates	1
photostabilizers	1
mwnts	1
acoustic phonons	1
effective biomaterials	1
chitosan nanocapsules	1
zvs	1
mesophases	1
ps scaffold	1
compacting geopolymers	1
superlattices	1
feco multilayers	1
aerogels	1
2d tfets	2
lensdistortions	1
ti3c2 multilayers	1
cuo nanofibers	1
efficient photocatalysts	1
nanoreinforcements	1
coccinellids	1
silica xerogels	1
nanofillers	1
steel rebars	1
al2o3 nanocomposites	1
xps measurement	1
theranostic nanomaterials	1
produced nanogels	1
photocatalysts	1
different biomaterials	1
borides sc2b8	2
nanomaterials	1
purpose particleboards	1
nanostructures	1
cnm nanocomposites	1
firmicutes	1
nanoplates	1
nanoplatelets	1
zno microwires	1
asymmetric superlattices	1
graphenes	1
foamed geopolymers	1
biogas	1
microbubbles	1
solidworks	1
led luminaires	1
solar concentrators	1
hydroxyapatite nanoparticles	1
dichalcogenides	1
nanocrystallites	1
photodiodes	1
heterostructures	1
neurospheres	1
cubic c4a3s	1
mesopores	1
microstructures	1
composite multifilaments	1
polycrystals	1
photopolymers	1
nanoribbons	1
dmls ti6al4v	2
biopolymers	1
gfet biosensors	1
metallocycles	1
dichalcogenide bilayers	1
pdms	1
nanotube nanocomposites	1
dendrimers	1
microfillers	1
acoustic metasurfaces	1
exafs	2
biocompatible nanomaterials	1
nanofibrous pcms	2
hyperpolarizabilities	1
graphene nanoplates	1
optimizers	1
mwcnts	1
bitcells	1
tsvs	2
nanoplasmas	1
bilayers	1
supercapacitors	1
graphene nanowalls	1
transparent nanopowders	1
oxide aerogels	1
exosomes	1
oxide nanomaterials	1
graded biomaterials	1
microparticles	1
polysiloxanes material	1
particleboards	1
based sers	1
investigated superlattices	1
borides	1
copolymer compatibilizers	1
sio2 nanocomposites	1
hybrid biocomposites	1
hydrogelators	1
skyrmions	1
neotissues	1
polyplexes	1
coinfections	1
microballoons degradation	1
phylum firmicutes	1
microcomposites	1
graphene nanosheets	1
nanocelluloses	1
sb2se3 nanofilms	1
passive biomaterials	1
uhmwpeo nanofibers	1
supersaturations	1
graphene nanoribbons	1
sers sensor	1
cnf biocomposites	1
tested particleboards	1
peek nanocomposites	1
gas bearing	3
kagome superconductors	1
micropiles	1
microfibers	1
functional biocomposites	1
cardiomyocytes	1
multilayers	1
metasurfaces	1
biosensors	1
polyacids	1
nanogels	1
polysiloxanes	1
glass microballoons	1
based nanofibers	1
fiber biocomposites	1
caries	2
energy bandgaps	1
ultraviolet photostabilizers	1
ferromagnets	1
experimental particleboards	1
myodystrophies	1
nanohydrogels	1
ha nanopowders	1
nanocarriers	1
polymeric nanostructures	1
superconductors	1
nanofibers	1
geopolymers	1
bandgaps	1
nanocrystals	1
based biomaterials	1
thermoset nanocomposites	1
nanofilms	1
biocomposites	1
plane delaminations	1
pfs	2
cacu3ti4o12 nanocomposites	2
polypropylene nanocomposites	1
thin biocomposites	1
dcdms	1
nanodevices	1
nanocomposites	1
nanorods	1
surface microstructures	1
austenitic microstructures	1
gbfs	2
aerodynamic characteristic	2
conductive fabric	2
gravimetric	2
creep characterist	2
ceo2 abrasive	2
elastoplastic constitutive	2
orthotropic	2
bionic	2
exceptional piezoelectric	2
polymer dynamic	2
zeta potential	3
antibacterial	2
asphalt mastic	2
phononic crystal	2
pristine fabric	2
isostructural metal	3
l adhesive	2
allogeneic	2
cementless	2
lossless	2
piezoresistive	2
heterobimetallic crystal	3
creep characteristic	2
quasicrystal	3
icosahedral quasicrystal	2
anorthite crystal	3
axisymmetric	2
biodegradable plastic	3
polyester fabric	2
thermoplastic	2
interlayer dielectric	2
glycol eutectic	2
eutectic	2
cement additive	3
dielectric	2
aisi316ti stainless	2
esthetic	2
brightness led	2
pyroelectric	2
ƒçiukas	2
